[{"model": "contenttypes.contenttype", "pk": 1, "fields": {"app_label": "admin", "model": "logentry"}}, {"model": "contenttypes.contenttype", "pk": 2, "fields": {"app_label": "auth", "model": "permission"}}, {"model": "contenttypes.contenttype", "pk": 3, "fields": {"app_label": "auth", "model": "group"}}, {"model": "contenttypes.contenttype", "pk": 4, "fields": {"app_label": "auth", "model": "user"}}, {"model": "contenttypes.contenttype", "pk": 5, "fields": {"app_label": "contenttypes", "model": "contenttype"}}, {"model": "contenttypes.contenttype", "pk": 6, "fields": {"app_label": "sessions", "model": "session"}}, {"model": "contenttypes.contenttype", "pk": 7, "fields": {"app_label": "forum", "model": "forumpost"}}, {"model": "contenttypes.contenttype", "pk": 8, "fields": {"app_label": "forum", "model": "userpost"}}, {"model": "contenttypes.contenttype", "pk": 9, "fields": {"app_label": "forum", "model": "author"}}, {"model": "contenttypes.contenttype", "pk": 10, "fields": {"app_label": "forum", "model": "answer"}}, {"model": "contenttypes.contenttype", "pk": 11, "fields": {"app_label": "forum", "model": "topicview"}}, {"model": "contenttypes.contenttype", "pk": 12, "fields": {"app_label": "forum", "model": "blogpost"}}, {"model": "sessions.session", "pk": "10fiki868jlnpxod19k1sl43s9177qhs", "fields": {"session_data": "MzRjY2EyYTZmOWI0MmQ4MDBmODI4ZTY2YmYwZjBkM2JmY2ViMGMwYTp7fQ==", "expire_date": "2020-07-07T13:28:34.760Z"}}, {"model": "sessions.session", "pk": "3mj8i61fcqhjqpmkjl7iwvm5x1ek7qn6", "fields": {"session_data": "MzRjY2EyYTZmOWI0MmQ4MDBmODI4ZTY2YmYwZjBkM2JmY2ViMGMwYTp7fQ==", "expire_date": "2020-07-07T13:26:28.564Z"}}, {"model": "sessions.session", "pk": "48fn683vw4a1sbmu0day3fl0vaerqctc", "fields": {"session_data": "NWQyZDJiZjZjMzkwNjM0YTQxMjZlZmFlOTA5NTZiNGFlZTZkYjc5MDp7Il9hdXRoX3VzZXJfaWQiOiIxIiwiX2F1dGhfdXNlcl9iYWNrZW5kIjoiZGphbmdvLmNvbnRyaWIuYXV0aC5iYWNrZW5kcy5Nb2RlbEJhY2tlbmQiLCJfYXV0aF91c2VyX2hhc2giOiI2MzY1OGFjMzZhNmFmMGRlZTE4YWUwNTYyZTM1NGI3MjZmNDMwN2EzIn0=", "expire_date": "2020-05-15T16:15:56.624Z"}}, {"model": "sessions.session", "pk": "5k5wc3nu4vfbsao3k8vu57fju26pzhm3", "fields": {"session_data": "NWQyZDJiZjZjMzkwNjM0YTQxMjZlZmFlOTA5NTZiNGFlZTZkYjc5MDp7Il9hdXRoX3VzZXJfaWQiOiIxIiwiX2F1dGhfdXNlcl9iYWNrZW5kIjoiZGphbmdvLmNvbnRyaWIuYXV0aC5iYWNrZW5kcy5Nb2RlbEJhY2tlbmQiLCJfYXV0aF91c2VyX2hhc2giOiI2MzY1OGFjMzZhNmFmMGRlZTE4YWUwNTYyZTM1NGI3MjZmNDMwN2EzIn0=", "expire_date": "2020-04-28T15:34:48.948Z"}}, {"model": "sessions.session", "pk": "5yzpj5zovbdkfb9q6kw1zk4kpxnpu13v", "fields": {"session_data": "MzRjY2EyYTZmOWI0MmQ4MDBmODI4ZTY2YmYwZjBkM2JmY2ViMGMwYTp7fQ==", "expire_date": "2020-07-07T13:23:21.519Z"}}, {"model": "sessions.session", "pk": "7kv6ww1xaarodeob2efnr3x7a6yqdkbp", "fields": {"session_data": "MzRjY2EyYTZmOWI0MmQ4MDBmODI4ZTY2YmYwZjBkM2JmY2ViMGMwYTp7fQ==", "expire_date": "2020-07-07T13:20:20.423Z"}}, {"model": "sessions.session", "pk": "8nvx9uvso3gif84yxshee88wlsywf0zp", "fields": {"session_data": "MzRjY2EyYTZmOWI0MmQ4MDBmODI4ZTY2YmYwZjBkM2JmY2ViMGMwYTp7fQ==", "expire_date": "2020-06-22T04:23:24.893Z"}}, {"model": "sessions.session", "pk": "bqdoxrfhef5n1o92f29ecu8i5rkktu5r", "fields": {"session_data": "MzRjY2EyYTZmOWI0MmQ4MDBmODI4ZTY2YmYwZjBkM2JmY2ViMGMwYTp7fQ==", "expire_date": "2020-07-07T13:30:15.346Z"}}, {"model": "sessions.session", "pk": "cx6ndoqcwcbtsdfyt75pscinbg0stgjv", "fields": {"session_data": "NWQyZDJiZjZjMzkwNjM0YTQxMjZlZmFlOTA5NTZiNGFlZTZkYjc5MDp7Il9hdXRoX3VzZXJfaWQiOiIxIiwiX2F1dGhfdXNlcl9iYWNrZW5kIjoiZGphbmdvLmNvbnRyaWIuYXV0aC5iYWNrZW5kcy5Nb2RlbEJhY2tlbmQiLCJfYXV0aF91c2VyX2hhc2giOiI2MzY1OGFjMzZhNmFmMGRlZTE4YWUwNTYyZTM1NGI3MjZmNDMwN2EzIn0=", "expire_date": "2020-04-19T03:13:39.480Z"}}, {"model": "sessions.session", "pk": "dl0hudnphvx81y6heitinkshksoixyz7", "fields": {"session_data": "MzRjY2EyYTZmOWI0MmQ4MDBmODI4ZTY2YmYwZjBkM2JmY2ViMGMwYTp7fQ==", "expire_date": "2020-06-22T04:20:13.520Z"}}, {"model": "sessions.session", "pk": "mva0e4zcsdd7ke16m9ovbwqdrkg0qmdv", "fields": {"session_data": "NWQyZDJiZjZjMzkwNjM0YTQxMjZlZmFlOTA5NTZiNGFlZTZkYjc5MDp7Il9hdXRoX3VzZXJfaWQiOiIxIiwiX2F1dGhfdXNlcl9iYWNrZW5kIjoiZGphbmdvLmNvbnRyaWIuYXV0aC5iYWNrZW5kcy5Nb2RlbEJhY2tlbmQiLCJfYXV0aF91c2VyX2hhc2giOiI2MzY1OGFjMzZhNmFmMGRlZTE4YWUwNTYyZTM1NGI3MjZmNDMwN2EzIn0=", "expire_date": "2020-06-11T06:59:05.222Z"}}, {"model": "sessions.session", "pk": "n1ic6xeuigrasuwkcdiz206hx7zd8c1f", "fields": {"session_data": "NWQyZDJiZjZjMzkwNjM0YTQxMjZlZmFlOTA5NTZiNGFlZTZkYjc5MDp7Il9hdXRoX3VzZXJfaWQiOiIxIiwiX2F1dGhfdXNlcl9iYWNrZW5kIjoiZGphbmdvLmNvbnRyaWIuYXV0aC5iYWNrZW5kcy5Nb2RlbEJhY2tlbmQiLCJfYXV0aF91c2VyX2hhc2giOiI2MzY1OGFjMzZhNmFmMGRlZTE4YWUwNTYyZTM1NGI3MjZmNDMwN2EzIn0=", "expire_date": "2020-06-11T07:07:45.179Z"}}, {"model": "sessions.session", "pk": "q3tl1dqbkx43yar7mzuz0bhnb0igkrrj", "fields": {"session_data": "NjZmYzYwMzFjODNiN2EzOTFlNTFiZmQ5ZDIzZGIwNWYxZjJjYWVlMTp7Il9hdXRoX3VzZXJfaWQiOiIzIiwiX2F1dGhfdXNlcl9iYWNrZW5kIjoiZGphbmdvLmNvbnRyaWIuYXV0aC5iYWNrZW5kcy5Nb2RlbEJhY2tlbmQiLCJfYXV0aF91c2VyX2hhc2giOiI4MDA0YmJjZWJmOGIxOWZhMjVmYzExZGU1YTNiYjZjMWUwN2UzNjI5In0=", "expire_date": "2020-04-29T14:51:14.014Z"}}, {"model": "sessions.session", "pk": "qhwp95j6uhl7h83v1tixbfp1weuz9466", "fields": {"session_data": "MzRjY2EyYTZmOWI0MmQ4MDBmODI4ZTY2YmYwZjBkM2JmY2ViMGMwYTp7fQ==", "expire_date": "2020-06-23T06:13:31.976Z"}}, {"model": "sessions.session", "pk": "sco2j4kxzkw0skurmbrr93d8guxijy88", "fields": {"session_data": "ZThiYTExY2U0M2Y4Mzc5YzRiZjJjYmRhZDVjNWFmM2NkMTI0YzA5ZDp7Il9hdXRoX3VzZXJfaWQiOiI2MCIsIl9hdXRoX3VzZXJfYmFja2VuZCI6ImRqYW5nby5jb250cmliLmF1dGguYmFja2VuZHMuTW9kZWxCYWNrZW5kIiwiX2F1dGhfdXNlcl9oYXNoIjoiZjkxZjVhMjk2ZDI1NmFkZDMzNzQxNTFmYThlM2UwODlhOWExYTM0ZSJ9", "expire_date": "2020-07-05T06:12:54.562Z"}}, {"model": "sessions.session", "pk": "wpq7nqd7qchzq12chcwr1l5edy12giac", "fields": {"session_data": "MzRjY2EyYTZmOWI0MmQ4MDBmODI4ZTY2YmYwZjBkM2JmY2ViMGMwYTp7fQ==", "expire_date": "2020-07-07T13:25:17.195Z"}}, {"model": "forum.userpost", "pk": 4, "fields": {"author": 17, "title": "Suffering from asthma", "description": "I have been suffering from asthma my whole life. I really want to get rid off this. Can anyone suggest what is the medicine for asthma?", "date_created": "2020-06-09T05:24:18.740Z"}}, {"model": "forum.userpost", "pk": 5, "fields": {"author": 15, "title": "Lung cancer syndrome", "description": "I work in a factory for almost 10 years. Now I have been diagnosed with lung cancer syndromes. Any herbal treatment to save me?", "date_created": "2020-06-09T06:01:18.575Z"}}, {"model": "forum.userpost", "pk": 8, "fields": {"author": 17, "title": "Covid 19 status", "description": "The ongoing upwards rate of covid-19 makes me think it's never gonna stop. Will  covid-19 eventually end up like HIV?", "date_created": "2020-06-10T05:14:13.508Z"}}, {"model": "forum.userpost", "pk": 9, "fields": {"author": 15, "title": "Viral fever or dengue fever", "description": "What is the difference between viral fever and dengue fever? My mom caught fever last night but I don't know which type fever it is!", "date_created": "2020-06-10T05:18:47.993Z"}}, {"model": "forum.userpost", "pk": 10, "fields": {"author": 63, "title": "Causes of insomnia ", "description": "I am a remote software developer. Due to my work nature, I have to stay up at night. I heard that staying awake all night causes insomnia. Can anyone help me to figure out the causes of insomnia? ", "date_created": "2020-06-20T04:28:04.039Z"}}, {"model": "forum.blogpost", "pk": 1, "fields": {"title": "This Is How You Should Grocery Shop During the Coronavirus Pandemic", "slug": "survival-in-covid", "content": "<p>Adjusting to life under siege by SARS-CoV-2 has not been easy; each new day brings with it novel guidelines and restrictions aimed at keeping populations safe as cases soar worldwide. Many of us\u2014most of us, I hope\u2014are staying at home as much as possible to give hospital workers a fighting chance at saving the lives affected by COVID-19. Still, there is one place few of us can avoid: the grocery store.</p>\r\n\r\n<p>Everyone needs food, and while grocery delivery is still available in some places\u2014albeit with weeks-long wait times\u2014most of us will be forced to venture out sometime in the next month (or more) to restock our shelves. It\u2019s a daunting thought, given how trafficked a grocery store is, and many shops are taking measures to help keep shoppers and clerks safe as both sides of the cashier stand navigate this tricky business of stopping the spread.<p/>\r\n\r\n<p>Sneeze guards have been installed in many stores, for example, to protect cashiers who have no choice but to stand fewer than six feet away from customers. Strategically-placed floor tape in other stores helps customers visualize the amount of distance they need to maintain from one another. In some shops, lines snake around the block as a limited number of customers are allowed in at a time. And so on.</p>\r\n\r\n<p>Not all stores are instituting such measures, however, and even if you shop at one that is, there are additional behaviors you should ditch/adopt to help keep yourself and other shoppers safe. Below, experts share a few new guidelines to follow so as to avoid becoming the Typhoid Mary/resident jerk of your local grocery store.</p>", "timestamp": "2020-06-21T13:54:15.288Z", "thumbnail": "GettyImages-1213277030-sized.jpg"}}, {"model": "forum.blogpost", "pk": 2, "fields": {"title": "A Non-Hodgkins Lymphoma Survivor Shares Her Cancer and IVF Journey", "slug": "cancer-journey", "content": "<p>The ski trip to Utah wasn\u2019t supposed to be this way. It was just supposed to be a fun, extended weekend trip with my husband. We were planning to celebrate me getting my dream job six months after graduating from business school, his placement in a competitive cardiology fellowship program, and our new life in New York City. It certainly wasn\u2019t supposed to be the day I was diagnosed with Non-Hodgkins lymphoma.</p>\r\n\r\n<p>I had started experiencing intense chest pain on the flight to Salt Lake City, so my husband and I went straight to the emergency room as soon as the plane landed. After six hours of various tests, the emergency room doctor did a CT scan to see if I had a blood clot from the flight, but instead, what he found was a 10-by-8 centimeter tumor between my lungs, right behind my heart.</p>\r\n\r\n<p>This was not news I was prepared to hear. I was 29, and my husband and I had been talking about starting a family together. Suddenly, it felt like my whole future was in doubt.\r\nMaking the decision to do IVF</p>\r\n\r\n<p>Non-Hodgkin\u2019s lymphoma is one of the most common cancers in the U.S., accounting for roughly 4 percent of all cancers. But that statistic is a bit deceiving. There are 30 types of Non-Hodgkin\u2019s lymphoma, and I was diagnosed with a rare one, primary mediastinal b-cell, which afflicts about 3,000 young women a year. It\u2019s a type of cancer that starts in white blood cells, which are crucial for immune health. For me, treatment would involve aggressive chemotherapy and immunotherapy, which would take 18 weeks. In the process, my body would be put into menopause (because chemotherapy can damage the ovaries), meaning I would likely no longer be able to conceive naturally.</p>\r\n\r\n<p>That was a problem, because my husband and I knew we wanted kids. We were ready\u2014I had even taken out my IUD six months earlier.  I knew that one option I had would be to freeze my eggs before I began treatment; my friend Lindsay Beck, a cancer survivor, had started a charity called Fertile Hope that encouraged cancer patients to advocate for their own fertility preservation. It was her work I thought of as I sat in a cold doctor\u2019s office back in New York City.</p>\r\n\r\n<p>I understand that not every woman with cancer who wants kids may want to do IVF. Some may choose to become a mother in another way, such as adopting. Still others may not have the luxury of choice because they can\u2019t afford it or they\u2019re already too sick to undergo fertility treatments. I was fortunate that I could. For me, I instinctively felt that IVF was the right choice for me.</p>", "timestamp": "2020-06-21T15:31:00.382Z", "thumbnail": "2020-FertilityMonth-Cancer-Treatments.jpg"}}, {"model": "forum.blogpost", "pk": 3, "fields": {"title": "These Insomnia Breathing Techniques May Help You Catch More Zzz\u2019s", "slug": "insomnia-breathing-techniques", "content": "<p>For the chronic insomniac, a good night\u2019s sleep is about as elusive as achieving the ever-mysterious runner\u2019s high (and TBH\u2014it\u2019s likely just as euphoric.</p>\r\n\r\n<p>But for the sleep-deprived among us, there are things you can do to try and reverse your track record. Your nightly pre-snooze ritual, for example, could increase your chances of snagging that priceless dose of shut-eye. In Tzivia Gover\u2019s newest book, The Mindful Way to a Goodnight\u2019s Sleep, the dream therapist and director of the Institute for Dream Studies says that sleeping well has a lot to do with how you breathe (yes, breathe!) before crawling under your covers.</p>\r\n\r\n<p>\u201cDuring the day, we\u2019re often not conscious of our breath,\u201d explains Gover in an interview. \u201cWe\u2019re not breathing deeply into our diaphragm or our lower bellies so our breath\u2019s getting caught in our chest.\u201d</p>\r\n\r\n<p>To stimulate mindful, sleep-inducing breathing, she recommends alternate nostril breathing, a technique that balances both hemispheres of your brain while simultaneously telling the chatter in your mind to chill out.</p>\r\n\r\n<p>\u201cAlternate nostril breathing has a natural balancing affect,\u201d she says.</p>\r\n<p>For the chronic insomniac, a good night\u2019s sleep is about as elusive as achieving the ever-mysterious runner\u2019s high (and TBH\u2014it\u2019s likely just as euphoric.</p>\r\n\r\n<p>But for the sleep-deprived among us, there are things you can do to try and reverse your track record. Your nightly pre-snooze ritual, for example, could increase your chances of snagging that priceless dose of shut-eye. In Tzivia Gover\u2019s newest book, The Mindful Way to a Goodnight\u2019s Sleep, the dream therapist and director of the Institute for Dream Studies says that sleeping well has a lot to do with how you breathe (yes, breathe!) before crawling under your covers.</p>", "timestamp": "2020-06-21T15:36:32.226Z", "thumbnail": "GettyImages-KrisCole.jpg"}}, {"model": "forum.blogpost", "pk": 4, "fields": {"title": "How to Talk to Your Children About the Constant Uncertainty of the Coronavirus", "slug": "talk-to-your-children-about-corona", "content": "<p>The morning I told my fifth grader that school would be closed for the rest of the year, she got angry. Through her tears, she yelled, \u201cDo they even know how many kids they\u2019re letting down?\u201d <p>\r\n\r\n<p>My response was to try to gently explain why it wasn\u2019t safe to reopen the schools\u2014but after a minute of stroking her arm and speaking what I thought was empathetically to her about the dangers, I looked at her face and realized that not only was I not helping, I was making her even angrier. I had taken the wrong tack.</p>\r\n\r\n<p>Parenting is always complicated, but the COVID-19 lockdown has brought with it several new layers. There\u2019s the day-to-day mundane stuff of trying to work and manage homeschooling and keeping screen time in some kind of check, the hamster-wheel of cooking and cleaning up family meals, and keeping the peace if there are siblings. But beyond that, we are dealing with the larger questions of how this time\u2014and how we handle it\u2014will impact our children\u2019s mental health. What should we tell them about the virus? When we answer their questions, how do we get across the seriousness of what we\u2019re all going through without scaring them? How can we help them manage what have to be a range of big emotions during this unprecedented moment? How should I talk to my children about coronavirus?</p>\r\n\r\n<p>\r\nFind out what\u2019s happening under the surface\r\nWe all want to be our best selves with and for our kids, but sometimes the stress or anxiety they\u2019re feeling may come out in ways that can try your patience. This isn\u2019t your kid trying to upset you; it\u2019s simply a function of what\u2019s happening in their developing brains.</p>\r\n\r\n<p>For example, your child may have more trouble than usual regulating his emotions or calming himself down, says Hilit Kletter, PhD, director of the Clinical Trauma Program and clinical associate professor at Stanford University School of Medicine. Your kid might have trouble motivating, concentrating, and completing tasks (yes, even more than usual). This is because the prefrontal cortex, the part of the brain responsible for problem-solving, decision making, inhibition of emotions, and concentration, is still developing (and will continue to do so until around age 26). To make matters worse during this moment, the prefrontal cortex becomes underactive in times of stress. So even kids who can usually be counted on to get schoolwork done may be struggling.</p>\r\n\r\n<p>If your child is anxious or fearful even in moments of relative calm, that\u2019s the amygdala at work, says Dr. Kletter. \u201cIn times of threat, such as with the COVID-19 epidemic, the amygdala releases a surge of stress hormones to activate the fight/flight response, our survival system. This response may become over-sensitized such that the amygdala creates false alarms.\u201d</p>", "timestamp": "2020-06-21T15:42:15.880Z", "thumbnail": "GettyImages-1166429743-1.jpg"}}, {"model": "auth.permission", "pk": 1, "fields": {"name": "Can add log entry", "content_type": 1, "codename": "add_logentry"}}, {"model": "auth.permission", "pk": 2, "fields": {"name": "Can change log entry", "content_type": 1, "codename": "change_logentry"}}, {"model": "auth.permission", "pk": 3, "fields": {"name": "Can delete log entry", "content_type": 1, "codename": "delete_logentry"}}, {"model": "auth.permission", "pk": 4, "fields": {"name": "Can view log entry", "content_type": 1, "codename": "view_logentry"}}, {"model": "auth.permission", "pk": 5, "fields": {"name": "Can add permission", "content_type": 2, "codename": "add_permission"}}, {"model": "auth.permission", "pk": 6, "fields": {"name": "Can change permission", "content_type": 2, "codename": "change_permission"}}, {"model": "auth.permission", "pk": 7, "fields": {"name": "Can delete permission", "content_type": 2, "codename": "delete_permission"}}, {"model": "auth.permission", "pk": 8, "fields": {"name": "Can view permission", "content_type": 2, "codename": "view_permission"}}, {"model": "auth.permission", "pk": 9, "fields": {"name": "Can add group", "content_type": 3, "codename": "add_group"}}, {"model": "auth.permission", "pk": 10, "fields": {"name": "Can change group", "content_type": 3, "codename": "change_group"}}, {"model": "auth.permission", "pk": 11, "fields": {"name": "Can delete group", "content_type": 3, "codename": "delete_group"}}, {"model": "auth.permission", "pk": 12, "fields": {"name": "Can view group", "content_type": 3, "codename": "view_group"}}, {"model": "auth.permission", "pk": 13, "fields": {"name": "Can add user", "content_type": 4, "codename": "add_user"}}, {"model": "auth.permission", "pk": 14, "fields": {"name": "Can change user", "content_type": 4, "codename": "change_user"}}, {"model": "auth.permission", "pk": 15, "fields": {"name": "Can delete user", "content_type": 4, "codename": "delete_user"}}, {"model": "auth.permission", "pk": 16, "fields": {"name": "Can view user", "content_type": 4, "codename": "view_user"}}, {"model": "auth.permission", "pk": 17, "fields": {"name": "Can add content type", "content_type": 5, "codename": "add_contenttype"}}, {"model": "auth.permission", "pk": 18, "fields": {"name": "Can change content type", "content_type": 5, "codename": "change_contenttype"}}, {"model": "auth.permission", "pk": 19, "fields": {"name": "Can delete content type", "content_type": 5, "codename": "delete_contenttype"}}, {"model": "auth.permission", "pk": 20, "fields": {"name": "Can view content type", "content_type": 5, "codename": "view_contenttype"}}, {"model": "auth.permission", "pk": 21, "fields": {"name": "Can add session", "content_type": 6, "codename": "add_session"}}, {"model": "auth.permission", "pk": 22, "fields": {"name": "Can change session", "content_type": 6, "codename": "change_session"}}, {"model": "auth.permission", "pk": 23, "fields": {"name": "Can delete session", "content_type": 6, "codename": "delete_session"}}, {"model": "auth.permission", "pk": 24, "fields": {"name": "Can view session", "content_type": 6, "codename": "view_session"}}, {"model": "auth.permission", "pk": 25, "fields": {"name": "Can add forum post", "content_type": 7, "codename": "add_forumpost"}}, {"model": "auth.permission", "pk": 26, "fields": {"name": "Can change forum post", "content_type": 7, "codename": "change_forumpost"}}, {"model": "auth.permission", "pk": 27, "fields": {"name": "Can delete forum post", "content_type": 7, "codename": "delete_forumpost"}}, {"model": "auth.permission", "pk": 28, "fields": {"name": "Can view forum post", "content_type": 7, "codename": "view_forumpost"}}, {"model": "auth.permission", "pk": 29, "fields": {"name": "Can add user post", "content_type": 8, "codename": "add_userpost"}}, {"model": "auth.permission", "pk": 30, "fields": {"name": "Can change user post", "content_type": 8, "codename": "change_userpost"}}, {"model": "auth.permission", "pk": 31, "fields": {"name": "Can delete user post", "content_type": 8, "codename": "delete_userpost"}}, {"model": "auth.permission", "pk": 32, "fields": {"name": "Can view user post", "content_type": 8, "codename": "view_userpost"}}, {"model": "auth.permission", "pk": 33, "fields": {"name": "Can add author", "content_type": 9, "codename": "add_author"}}, {"model": "auth.permission", "pk": 34, "fields": {"name": "Can change author", "content_type": 9, "codename": "change_author"}}, {"model": "auth.permission", "pk": 35, "fields": {"name": "Can delete author", "content_type": 9, "codename": "delete_author"}}, {"model": "auth.permission", "pk": 36, "fields": {"name": "Can view author", "content_type": 9, "codename": "view_author"}}, {"model": "auth.permission", "pk": 37, "fields": {"name": "Can add answer", "content_type": 10, "codename": "add_answer"}}, {"model": "auth.permission", "pk": 38, "fields": {"name": "Can change answer", "content_type": 10, "codename": "change_answer"}}, {"model": "auth.permission", "pk": 39, "fields": {"name": "Can delete answer", "content_type": 10, "codename": "delete_answer"}}, {"model": "auth.permission", "pk": 40, "fields": {"name": "Can view answer", "content_type": 10, "codename": "view_answer"}}, {"model": "auth.permission", "pk": 41, "fields": {"name": "Can add topic view", "content_type": 11, "codename": "add_topicview"}}, {"model": "auth.permission", "pk": 42, "fields": {"name": "Can change topic view", "content_type": 11, "codename": "change_topicview"}}, {"model": "auth.permission", "pk": 43, "fields": {"name": "Can delete topic view", "content_type": 11, "codename": "delete_topicview"}}, {"model": "auth.permission", "pk": 44, "fields": {"name": "Can view topic view", "content_type": 11, "codename": "view_topicview"}}, {"model": "auth.permission", "pk": 45, "fields": {"name": "Can add blog post", "content_type": 12, "codename": "add_blogpost"}}, {"model": "auth.permission", "pk": 46, "fields": {"name": "Can change blog post", "content_type": 12, "codename": "change_blogpost"}}, {"model": "auth.permission", "pk": 47, "fields": {"name": "Can delete blog post", "content_type": 12, "codename": "delete_blogpost"}}, {"model": "auth.permission", "pk": 48, "fields": {"name": "Can view blog post", "content_type": 12, "codename": "view_blogpost"}}, {"model": "auth.user", "pk": 1, "fields": {"password": "pbkdf2_sha256$150000$6zSfFjVe8MdO$W743O9slAJbBJKRBF/Eij3jK/6ZRHRkjYf7oib8hSvI=", "last_login": "2020-06-23T13:16:57.287Z", "is_superuser": true, "username": "mahmud", "first_name": "", "last_name": "", "email": "sajibforest@gmail.com", "is_staff": true, "is_active": true, "date_joined": "2020-04-05T03:13:03.245Z", "groups": [], "user_permissions": []}}, {"model": "auth.user", "pk": 23, "fields": {"password": "pbkdf2_sha256$150000$ZXE5jedw1svU$9KH++wvjv3EynQQdBYFef4V6QAtjMb6xojPrwNQFNZw=", "last_login": "2020-06-21T05:40:04.634Z", "is_superuser": false, "username": "lubaba", "first_name": "", "last_name": "", "email": "bushra@gmail.com", "is_staff": false, "is_active": true, "date_joined": "2020-06-08T04:19:48.750Z", "groups": [], "user_permissions": []}}, {"model": "auth.user", "pk": 25, "fields": {"password": "pbkdf2_sha256$150000$5V8l6gV6WLMl$qu4eG9IC0JzaULjkcF4Cgrr2Rllind7R6BcwE5Ik0+4=", "last_login": "2020-06-21T05:35:49.879Z", "is_superuser": false, "username": "bob", "first_name": "", "last_name": "", "email": "bob@yahoo.com", "is_staff": false, "is_active": true, "date_joined": "2020-06-09T04:49:01.887Z", "groups": [], "user_permissions": []}}, {"model": "auth.user", "pk": 26, "fields": {"password": "pbkdf2_sha256$150000$t9ujuz7XPQiH$ITJYcJ1rU9fpcKibAUVzBo4kF6Y9lUvImBqseELir6I=", "last_login": "2020-06-20T06:41:03.892Z", "is_superuser": false, "username": "niha", "first_name": "", "last_name": "", "email": "niha@gmail.com", "is_staff": false, "is_active": true, "date_joined": "2020-06-09T06:14:59.184Z", "groups": [], "user_permissions": []}}, {"model": "auth.user", "pk": 59, "fields": {"password": "pbkdf2_sha256$150000$9kIliChYOoT2$bxUIriNptnbQt8/QSYRacva+tauX0eWZscVmTLKuTXo=", "last_login": "2020-06-20T03:57:19.303Z", "is_superuser": false, "username": "mark", "first_name": "", "last_name": "", "email": "mark@yahoo.com", "is_staff": false, "is_active": true, "date_joined": "2020-06-20T03:57:03.398Z", "groups": [], "user_permissions": []}}, {"model": "auth.user", "pk": 60, "fields": {"password": "pbkdf2_sha256$150000$4Bv74NXvOHWh$t9wzZi7dIGWaBxRvIsv/hWLQGo/TMq82ciT1haJEvSY=", "last_login": "2020-06-21T06:12:54.556Z", "is_superuser": false, "username": "laura", "first_name": "", "last_name": "", "email": "laura_atk@yahoo.com", "is_staff": false, "is_active": true, "date_joined": "2020-06-20T06:06:26.244Z", "groups": [], "user_permissions": []}}, {"model": "auth.user", "pk": 62, "fields": {"password": "pbkdf2_sha256$150000$KrzF7UW3Tvhl$zVjfiGS+ClTf+q3KMh77/hRkqCAK9IYyK/6pkSrCgV0=", "last_login": "2020-06-23T14:10:45.796Z", "is_superuser": true, "username": "nobin", "first_name": "", "last_name": "", "email": "n@yahoo.com", "is_staff": true, "is_active": true, "date_joined": "2020-06-23T13:19:14.521Z", "groups": [], "user_permissions": []}}, {"model": "auth.user", "pk": 63, "fields": {"password": "pbkdf2_sha256$150000$ECcGB6XGN0vc$7oE9kGTMF30V22ErDZa7s3nv67o4k1h8YzxVfVUt0tM=", "last_login": "2020-06-23T14:07:09.620Z", "is_superuser": false, "username": "katy", "first_name": "", "last_name": "", "email": "katy_p@gmail.com", "is_staff": false, "is_active": true, "date_joined": "2020-06-23T13:32:05.053Z", "groups": [], "user_permissions": []}}, {"model": "auth.user", "pk": 64, "fields": {"password": "pbkdf2_sha256$150000$Iaci9PkkpNJQ$3f+M1IwYUYz6hH8ynBWIp8do9MLKUBYdIYmKwKfTs5Y=", "last_login": "2020-06-23T13:34:44.936Z", "is_superuser": true, "username": "bobby", "first_name": "", "last_name": "", "email": "b@email.com", "is_staff": true, "is_active": true, "date_joined": "2020-06-23T13:34:09.940Z", "groups": [], "user_permissions": []}}, {"model": "auth.user", "pk": 65, "fields": {"password": "pbkdf2_sha256$150000$D8U7j4BMFXPh$y3OIRFY9W8FLtq5QYXjEGXPNox/Q50F3aRhbtV25KfE=", "last_login": "2020-06-23T13:37:38.759Z", "is_superuser": false, "username": "koli", "first_name": "", "last_name": "", "email": "koli@gmail.com", "is_staff": false, "is_active": true, "date_joined": "2020-06-23T13:37:25.431Z", "groups": [], "user_permissions": []}}, {"model": "forum.author", "pk": 10, "fields": {"user": 1, "profile_pic": "pro_pic.png", "is_doctor": false}}, {"model": "forum.author", "pk": 15, "fields": {"user": 23, "profile_pic": "avatar-3_SOwQ8V6.jpg", "is_doctor": true}}, {"model": "forum.author", "pk": 17, "fields": {"user": 25, "profile_pic": "avatar-1_igC9HIh.jpg", "is_doctor": false}}, {"model": "forum.author", "pk": 18, "fields": {"user": 26, "profile_pic": "pro_pic.png", "is_doctor": false}}, {"model": "forum.author", "pk": 63, "fields": {"user": 59, "profile_pic": "pro_pic.png", "is_doctor": true}}, {"model": "forum.author", "pk": 64, "fields": {"user": 60, "profile_pic": "pro_pic.png", "is_doctor": false}}, {"model": "forum.author", "pk": 66, "fields": {"user": 63, "profile_pic": "avatar-3_ZqKBKTC.jpg", "is_doctor": true}}, {"model": "forum.author", "pk": 67, "fields": {"user": 65, "profile_pic": "pro_pic.png", "is_doctor": false}}, {"model": "forum.answer", "pk": 11, "fields": {"user_post": 4, "user": 23, "content": "I had asthma too. I can suggest you to take 2 spoon honey along with kalizira every morning. That's a great medication & it helped me.", "date_created": "2020-06-10T05:22:34.588Z", "upvotes": [26], "downvotes": []}}, {"model": "forum.answer", "pk": 12, "fields": {"user_post": 5, "user": 26, "content": "This is a sensitive case. I suggest you to see a consultant who specializes in cancer treatment. Best wishes!", "date_created": "2020-06-10T05:28:24.556Z", "upvotes": [], "downvotes": [1]}}, {"model": "forum.answer", "pk": 13, "fields": {"user_post": 8, "user": 26, "content": "Maybe or maybe not! Who knows? Stay safe for the time being.", "date_created": "2020-06-10T05:29:46.527Z", "upvotes": [25, 23, 60], "downvotes": []}}, {"model": "forum.answer", "pk": 14, "fields": {"user_post": 8, "user": 23, "content": "It would die down like every other virus affected the mankind. Stay safe & pray!", "date_created": "2020-06-10T05:34:40.084Z", "upvotes": [25, 59], "downvotes": []}}, {"model": "forum.answer", "pk": 15, "fields": {"user_post": 4, "user": 59, "content": "The doctor above has given you a great suggestion. Follow it and you will be cured. Best of luck! ", "date_created": "2020-06-20T04:33:34.265Z", "upvotes": [23], "downvotes": []}}, {"model": "forum.answer", "pk": 16, "fields": {"user_post": 4, "user": 60, "content": "Please get herbal treatment. This is the best.", "date_created": "2020-06-21T13:40:38.731Z", "upvotes": [], "downvotes": [60]}}, {"model": "forum.topicview", "pk": 1, "fields": {"user_post": 5, "user": 1}}, {"model": "forum.topicview", "pk": 2, "fields": {"user_post": 4, "user": 1}}, {"model": "forum.topicview", "pk": 3, "fields": {"user_post": 4, "user": 23}}, {"model": "forum.topicview", "pk": 4, "fields": {"user_post": 5, "user": 26}}, {"model": "forum.topicview", "pk": 5, "fields": {"user_post": 4, "user": 26}}, {"model": "forum.topicview", "pk": 6, "fields": {"user_post": 8, "user": 26}}, {"model": "forum.topicview", "pk": 7, "fields": {"user_post": 8, "user": 23}}, {"model": "forum.topicview", "pk": 8, "fields": {"user_post": 5, "user": 23}}, {"model": "forum.topicview", "pk": 9, "fields": {"user_post": 8, "user": 1}}, {"model": "forum.topicview", "pk": 10, "fields": {"user_post": 9, "user": 1}}, {"model": "forum.topicview", "pk": 11, "fields": {"user_post": 9, "user": 26}}, {"model": "forum.topicview", "pk": 12, "fields": {"user_post": 9, "user": 23}}, {"model": "forum.topicview", "pk": 13, "fields": {"user_post": 5, "user": 59}}, {"model": "forum.topicview", "pk": 14, "fields": {"user_post": 8, "user": 59}}, {"model": "forum.topicview", "pk": 15, "fields": {"user_post": 4, "user": 59}}, {"model": "forum.topicview", "pk": 16, "fields": {"user_post": 10, "user": 26}}, {"model": "forum.topicview", "pk": 17, "fields": {"user_post": 5, "user": 25}}, {"model": "forum.topicview", "pk": 18, "fields": {"user_post": 10, "user": 25}}, {"model": "forum.topicview", "pk": 19, "fields": {"user_post": 8, "user": 25}}, {"model": "forum.topicview", "pk": 20, "fields": {"user_post": 9, "user": 25}}, {"model": "forum.topicview", "pk": 21, "fields": {"user_post": 4, "user": 25}}, {"model": "forum.topicview", "pk": 22, "fields": {"user_post": 4, "user": 60}}, {"model": "forum.topicview", "pk": 23, "fields": {"user_post": 8, "user": 60}}, {"model": "forum.topicview", "pk": 24, "fields": {"user_post": 9, "user": 60}}, {"model": "forum.topicview", "pk": 25, "fields": {"user_post": 5, "user": 60}}, {"model": "admin.logentry", "pk": 1, "fields": {"action_time": "2020-04-07T05:22:46.488Z", "user": 1, "content_type": 8, "object_id": "1", "object_repr": "Suffering from asthma", "action_flag": 1, "change_message": "[{\"added\": {}}]"}}, {"model": "admin.logentry", "pk": 2, "fields": {"action_time": "2020-04-07T05:31:45.592Z", "user": 1, "content_type": 8, "object_id": "1", "object_repr": "Suffering from asthma", "action_flag": 2, "change_message": "[]"}}, {"model": "admin.logentry", "pk": 3, "fields": {"action_time": "2020-04-08T17:45:59.915Z", "user": 1, "content_type": 8, "object_id": "3", "object_repr": "Blood deficiency", "action_flag": 2, "change_message": "[{\"changed\": {\"fields\": [\"description\"]}}]"}}, {"model": "admin.logentry", "pk": 4, "fields": {"action_time": "2020-04-09T05:46:41.034Z", "user": 1, "content_type": 8, "object_id": "2", "object_repr": "Lung cancer syndrome", "action_flag": 2, "change_message": "[{\"changed\": {\"fields\": [\"description\"]}}]"}}, {"model": "admin.logentry", "pk": 5, "fields": {"action_time": "2020-04-10T05:08:22.480Z", "user": 1, "content_type": 9, "object_id": "2", "object_repr": "mahmud", "action_flag": 1, "change_message": "[{\"added\": {}}]"}}, {"model": "admin.logentry", "pk": 6, "fields": {"action_time": "2020-04-10T05:08:50.353Z", "user": 1, "content_type": 8, "object_id": "3", "object_repr": "Blood deficiency", "action_flag": 2, "change_message": "[{\"changed\": {\"fields\": [\"author\"]}}]"}}, {"model": "admin.logentry", "pk": 7, "fields": {"action_time": "2020-04-10T05:08:55.647Z", "user": 1, "content_type": 8, "object_id": "2", "object_repr": "Lung cancer syndrome", "action_flag": 2, "change_message": "[{\"changed\": {\"fields\": [\"author\"]}}]"}}, {"model": "admin.logentry", "pk": 8, "fields": {"action_time": "2020-04-10T05:09:00.879Z", "user": 1, "content_type": 8, "object_id": "1", "object_repr": "Suffering from asthma", "action_flag": 2, "change_message": "[{\"changed\": {\"fields\": [\"author\"]}}]"}}, {"model": "admin.logentry", "pk": 9, "fields": {"action_time": "2020-04-10T05:48:51.376Z", "user": 1, "content_type": 10, "object_id": "1", "object_repr": "Answer object (1)", "action_flag": 1, "change_message": "[{\"added\": {}}]"}}, {"model": "admin.logentry", "pk": 10, "fields": {"action_time": "2020-04-14T13:24:34.607Z", "user": 1, "content_type": 4, "object_id": "2", "object_repr": "lubaba", "action_flag": 1, "change_message": "[{\"added\": {}}]"}}, {"model": "admin.logentry", "pk": 11, "fields": {"action_time": "2020-04-14T13:28:57.085Z", "user": 1, "content_type": 4, "object_id": "2", "object_repr": "lubaba", "action_flag": 3, "change_message": ""}}, {"model": "admin.logentry", "pk": 12, "fields": {"action_time": "2020-04-14T13:30:02.035Z", "user": 1, "content_type": 4, "object_id": "3", "object_repr": "john", "action_flag": 1, "change_message": "[{\"added\": {}}]"}}, {"model": "admin.logentry", "pk": 13, "fields": {"action_time": "2020-04-14T13:32:42.433Z", "user": 1, "content_type": 4, "object_id": "3", "object_repr": "john", "action_flag": 2, "change_message": "[{\"changed\": {\"fields\": [\"is_staff\"]}}]"}}, {"model": "admin.logentry", "pk": 14, "fields": {"action_time": "2020-05-28T07:23:55.153Z", "user": 1, "content_type": 4, "object_id": "4", "object_repr": "mark", "action_flag": 1, "change_message": "[{\"added\": {}}]"}}, {"model": "admin.logentry", "pk": 15, "fields": {"action_time": "2020-05-30T08:50:52.916Z", "user": 1, "content_type": 9, "object_id": "2", "object_repr": "mahmud", "action_flag": 2, "change_message": "[]"}}, {"model": "admin.logentry", "pk": 16, "fields": {"action_time": "2020-05-30T08:51:42.800Z", "user": 1, "content_type": 9, "object_id": "2", "object_repr": "mahmud", "action_flag": 2, "change_message": "[{\"changed\": {\"fields\": [\"profile_pic\"]}}]"}}, {"model": "admin.logentry", "pk": 17, "fields": {"action_time": "2020-05-30T08:52:15.027Z", "user": 1, "content_type": 9, "object_id": "2", "object_repr": "mahmud", "action_flag": 2, "change_message": "[{\"changed\": {\"fields\": [\"profile_pic\"]}}]"}}, {"model": "admin.logentry", "pk": 18, "fields": {"action_time": "2020-05-30T08:53:47.927Z", "user": 1, "content_type": 9, "object_id": "2", "object_repr": "john", "action_flag": 2, "change_message": "[{\"changed\": {\"fields\": [\"user\", \"profile_pic\"]}}]"}}, {"model": "admin.logentry", "pk": 19, "fields": {"action_time": "2020-05-30T08:58:56.940Z", "user": 1, "content_type": 9, "object_id": "3", "object_repr": "kallu", "action_flag": 1, "change_message": "[{\"added\": {}}]"}}, {"model": "admin.logentry", "pk": 20, "fields": {"action_time": "2020-06-01T14:12:17.220Z", "user": 1, "content_type": 9, "object_id": "2", "object_repr": "john", "action_flag": 2, "change_message": "[{\"changed\": {\"fields\": [\"profile_pic\"]}}]"}}, {"model": "admin.logentry", "pk": 21, "fields": {"action_time": "2020-06-01T14:13:23.139Z", "user": 1, "content_type": 9, "object_id": "2", "object_repr": "john", "action_flag": 2, "change_message": "[{\"changed\": {\"fields\": [\"profile_pic\"]}}]"}}, {"model": "admin.logentry", "pk": 22, "fields": {"action_time": "2020-06-01T14:19:44.103Z", "user": 1, "content_type": 9, "object_id": "2", "object_repr": "john", "action_flag": 2, "change_message": "[{\"changed\": {\"fields\": [\"profile_pic\"]}}]"}}, {"model": "admin.logentry", "pk": 23, "fields": {"action_time": "2020-06-01T14:19:56.133Z", "user": 1, "content_type": 9, "object_id": "3", "object_repr": "kallu", "action_flag": 2, "change_message": "[{\"changed\": {\"fields\": [\"profile_pic\"]}}]"}}, {"model": "admin.logentry", "pk": 24, "fields": {"action_time": "2020-06-01T14:23:17.449Z", "user": 1, "content_type": 9, "object_id": "4", "object_repr": "mark", "action_flag": 1, "change_message": "[{\"added\": {}}]"}}, {"model": "admin.logentry", "pk": 25, "fields": {"action_time": "2020-06-01T14:27:28.639Z", "user": 1, "content_type": 9, "object_id": "4", "object_repr": "mark", "action_flag": 2, "change_message": "[{\"changed\": {\"fields\": [\"profile_pic\"]}}]"}}, {"model": "admin.logentry", "pk": 26, "fields": {"action_time": "2020-06-01T14:27:39.556Z", "user": 1, "content_type": 9, "object_id": "5", "object_repr": "niha", "action_flag": 1, "change_message": "[{\"added\": {}}]"}}, {"model": "admin.logentry", "pk": 27, "fields": {"action_time": "2020-06-01T14:29:24.297Z", "user": 1, "content_type": 9, "object_id": "6", "object_repr": "gulab", "action_flag": 1, "change_message": "[{\"added\": {}}]"}}, {"model": "admin.logentry", "pk": 28, "fields": {"action_time": "2020-06-01T14:29:42.560Z", "user": 1, "content_type": 9, "object_id": "6", "object_repr": "gulab", "action_flag": 2, "change_message": "[{\"changed\": {\"fields\": [\"profile_pic\"]}}]"}}, {"model": "admin.logentry", "pk": 29, "fields": {"action_time": "2020-06-01T14:29:50.820Z", "user": 1, "content_type": 9, "object_id": "6", "object_repr": "gulab", "action_flag": 2, "change_message": "[{\"changed\": {\"fields\": [\"profile_pic\"]}}]"}}, {"model": "admin.logentry", "pk": 30, "fields": {"action_time": "2020-06-01T14:32:36.791Z", "user": 1, "content_type": 9, "object_id": "7", "object_repr": "yasmin", "action_flag": 1, "change_message": "[{\"added\": {}}]"}}, {"model": "admin.logentry", "pk": 31, "fields": {"action_time": "2020-06-01T14:33:41.001Z", "user": 1, "content_type": 9, "object_id": "7", "object_repr": "yasmin", "action_flag": 2, "change_message": "[{\"changed\": {\"fields\": [\"profile_pic\"]}}]"}}, {"model": "admin.logentry", "pk": 32, "fields": {"action_time": "2020-06-01T14:33:49.439Z", "user": 1, "content_type": 9, "object_id": "7", "object_repr": "yasmin", "action_flag": 2, "change_message": "[{\"changed\": {\"fields\": [\"profile_pic\"]}}]"}}, {"model": "admin.logentry", "pk": 33, "fields": {"action_time": "2020-06-01T14:36:46.398Z", "user": 1, "content_type": 9, "object_id": "6", "object_repr": "gulab", "action_flag": 3, "change_message": ""}}, {"model": "admin.logentry", "pk": 34, "fields": {"action_time": "2020-06-01T14:36:46.400Z", "user": 1, "content_type": 9, "object_id": "5", "object_repr": "niha", "action_flag": 3, "change_message": ""}}, {"model": "admin.logentry", "pk": 35, "fields": {"action_time": "2020-06-01T14:36:46.401Z", "user": 1, "content_type": 9, "object_id": "4", "object_repr": "mark", "action_flag": 3, "change_message": ""}}, {"model": "admin.logentry", "pk": 36, "fields": {"action_time": "2020-06-01T14:36:46.402Z", "user": 1, "content_type": 9, "object_id": "3", "object_repr": "kallu", "action_flag": 3, "change_message": ""}}, {"model": "admin.logentry", "pk": 37, "fields": {"action_time": "2020-06-01T14:36:46.402Z", "user": 1, "content_type": 9, "object_id": "2", "object_repr": "john", "action_flag": 3, "change_message": ""}}, {"model": "admin.logentry", "pk": 38, "fields": {"action_time": "2020-06-01T14:42:47.345Z", "user": 1, "content_type": 9, "object_id": "7", "object_repr": "yasmin", "action_flag": 2, "change_message": "[{\"changed\": {\"fields\": [\"profile_pic\"]}}]"}}, {"model": "admin.logentry", "pk": 39, "fields": {"action_time": "2020-06-01T14:42:55.166Z", "user": 1, "content_type": 9, "object_id": "7", "object_repr": "yasmin", "action_flag": 2, "change_message": "[{\"changed\": {\"fields\": [\"profile_pic\"]}}]"}}, {"model": "admin.logentry", "pk": 40, "fields": {"action_time": "2020-06-01T14:45:08.546Z", "user": 1, "content_type": 9, "object_id": "8", "object_repr": "mark", "action_flag": 1, "change_message": "[{\"added\": {}}]"}}, {"model": "admin.logentry", "pk": 41, "fields": {"action_time": "2020-06-01T14:50:20.124Z", "user": 1, "content_type": 9, "object_id": "9", "object_repr": "kallu", "action_flag": 1, "change_message": "[{\"added\": {}}]"}}, {"model": "admin.logentry", "pk": 42, "fields": {"action_time": "2020-06-01T14:50:34.315Z", "user": 1, "content_type": 9, "object_id": "7", "object_repr": "yasmin", "action_flag": 2, "change_message": "[{\"changed\": {\"fields\": [\"profile_pic\"]}}]"}}, {"model": "admin.logentry", "pk": 43, "fields": {"action_time": "2020-06-01T14:50:45.161Z", "user": 1, "content_type": 9, "object_id": "7", "object_repr": "yasmin", "action_flag": 2, "change_message": "[{\"changed\": {\"fields\": [\"profile_pic\"]}}]"}}, {"model": "admin.logentry", "pk": 44, "fields": {"action_time": "2020-06-02T05:56:11.074Z", "user": 1, "content_type": 4, "object_id": "5", "object_repr": "alen", "action_flag": 3, "change_message": ""}}, {"model": "admin.logentry", "pk": 45, "fields": {"action_time": "2020-06-02T05:56:11.076Z", "user": 1, "content_type": 4, "object_id": "7", "object_repr": "alenlind", "action_flag": 3, "change_message": ""}}, {"model": "admin.logentry", "pk": 46, "fields": {"action_time": "2020-06-02T05:56:11.077Z", "user": 1, "content_type": 4, "object_id": "14", "object_repr": "bushra", "action_flag": 3, "change_message": ""}}, {"model": "admin.logentry", "pk": 47, "fields": {"action_time": "2020-06-02T05:56:11.077Z", "user": 1, "content_type": 4, "object_id": "12", "object_repr": "gulab", "action_flag": 3, "change_message": ""}}, {"model": "admin.logentry", "pk": 48, "fields": {"action_time": "2020-06-02T05:56:11.078Z", "user": 1, "content_type": 4, "object_id": "3", "object_repr": "john", "action_flag": 3, "change_message": ""}}, {"model": "admin.logentry", "pk": 49, "fields": {"action_time": "2020-06-02T05:56:11.080Z", "user": 1, "content_type": 4, "object_id": "11", "object_repr": "kallu", "action_flag": 3, "change_message": ""}}, {"model": "admin.logentry", "pk": 50, "fields": {"action_time": "2020-06-02T05:56:11.080Z", "user": 1, "content_type": 4, "object_id": "13", "object_repr": "lubaba_bushra", "action_flag": 3, "change_message": ""}}, {"model": "admin.logentry", "pk": 51, "fields": {"action_time": "2020-06-02T05:56:11.081Z", "user": 1, "content_type": 4, "object_id": "4", "object_repr": "mark", "action_flag": 3, "change_message": ""}}, {"model": "admin.logentry", "pk": 52, "fields": {"action_time": "2020-06-02T05:56:11.082Z", "user": 1, "content_type": 4, "object_id": "6", "object_repr": "niha", "action_flag": 3, "change_message": ""}}, {"model": "admin.logentry", "pk": 53, "fields": {"action_time": "2020-06-02T05:56:11.082Z", "user": 1, "content_type": 4, "object_id": "9", "object_repr": "nirobi", "action_flag": 3, "change_message": ""}}, {"model": "admin.logentry", "pk": 54, "fields": {"action_time": "2020-06-02T05:56:11.083Z", "user": 1, "content_type": 4, "object_id": "8", "object_repr": "nozrul", "action_flag": 3, "change_message": ""}}, {"model": "admin.logentry", "pk": 55, "fields": {"action_time": "2020-06-02T05:56:11.083Z", "user": 1, "content_type": 4, "object_id": "10", "object_repr": "rio", "action_flag": 3, "change_message": ""}}, {"model": "admin.logentry", "pk": 56, "fields": {"action_time": "2020-06-02T05:56:11.084Z", "user": 1, "content_type": 4, "object_id": "15", "object_repr": "yasmin", "action_flag": 3, "change_message": ""}}, {"model": "admin.logentry", "pk": 57, "fields": {"action_time": "2020-06-02T13:51:59.054Z", "user": 1, "content_type": 9, "object_id": "10", "object_repr": "mahmud", "action_flag": 1, "change_message": "[{\"added\": {}}]"}}, {"model": "admin.logentry", "pk": 58, "fields": {"action_time": "2020-06-08T04:12:04.649Z", "user": 1, "content_type": 4, "object_id": "22", "object_repr": "jahid", "action_flag": 3, "change_message": ""}}, {"model": "admin.logentry", "pk": 59, "fields": {"action_time": "2020-06-08T04:12:04.649Z", "user": 1, "content_type": 4, "object_id": "16", "object_repr": "lubaba", "action_flag": 3, "change_message": ""}}, {"model": "admin.logentry", "pk": 60, "fields": {"action_time": "2020-06-08T04:12:04.681Z", "user": 1, "content_type": 4, "object_id": "19", "object_repr": "mohsin", "action_flag": 3, "change_message": ""}}, {"model": "admin.logentry", "pk": 61, "fields": {"action_time": "2020-06-08T04:12:04.681Z", "user": 1, "content_type": 4, "object_id": "17", "object_repr": "niha", "action_flag": 3, "change_message": ""}}, {"model": "admin.logentry", "pk": 62, "fields": {"action_time": "2020-06-08T04:12:04.681Z", "user": 1, "content_type": 4, "object_id": "18", "object_repr": "nobin", "action_flag": 3, "change_message": ""}}, {"model": "admin.logentry", "pk": 63, "fields": {"action_time": "2020-06-08T04:12:04.696Z", "user": 1, "content_type": 4, "object_id": "20", "object_repr": "polash", "action_flag": 3, "change_message": ""}}, {"model": "admin.logentry", "pk": 64, "fields": {"action_time": "2020-06-08T04:12:04.696Z", "user": 1, "content_type": 4, "object_id": "21", "object_repr": "tanvir", "action_flag": 3, "change_message": ""}}, {"model": "admin.logentry", "pk": 65, "fields": {"action_time": "2020-06-09T06:14:22.188Z", "user": 1, "content_type": 4, "object_id": "24", "object_repr": "mark", "action_flag": 3, "change_message": ""}}, {"model": "admin.logentry", "pk": 66, "fields": {"action_time": "2020-06-10T05:06:06.830Z", "user": 1, "content_type": 8, "object_id": "4", "object_repr": "Suffering from asthma", "action_flag": 2, "change_message": "[{\"changed\": {\"fields\": [\"author\"]}}]"}}, {"model": "admin.logentry", "pk": 67, "fields": {"action_time": "2020-06-10T05:06:15.030Z", "user": 1, "content_type": 8, "object_id": "5", "object_repr": "Lung cancer syndrome", "action_flag": 2, "change_message": "[{\"changed\": {\"fields\": [\"author\"]}}]"}}, {"model": "admin.logentry", "pk": 68, "fields": {"action_time": "2020-06-10T05:06:25.634Z", "user": 1, "content_type": 8, "object_id": "7", "object_repr": "holla", "action_flag": 3, "change_message": ""}}, {"model": "admin.logentry", "pk": 69, "fields": {"action_time": "2020-06-10T05:06:25.634Z", "user": 1, "content_type": 8, "object_id": "6", "object_repr": "Mail Subscription", "action_flag": 3, "change_message": ""}}, {"model": "admin.logentry", "pk": 70, "fields": {"action_time": "2020-06-10T05:08:55.715Z", "user": 1, "content_type": 8, "object_id": "5", "object_repr": "Lung cancer syndrome", "action_flag": 2, "change_message": "[{\"changed\": {\"fields\": [\"description\"]}}]"}}, {"model": "admin.logentry", "pk": 71, "fields": {"action_time": "2020-06-10T05:14:13.524Z", "user": 1, "content_type": 8, "object_id": "8", "object_repr": "Covid 19 status", "action_flag": 1, "change_message": "[{\"added\": {}}]"}}, {"model": "admin.logentry", "pk": 72, "fields": {"action_time": "2020-06-10T05:20:00.059Z", "user": 1, "content_type": 10, "object_id": "10", "object_repr": "Lung cancer syndrome", "action_flag": 3, "change_message": ""}}, {"model": "admin.logentry", "pk": 73, "fields": {"action_time": "2020-06-10T05:20:00.065Z", "user": 1, "content_type": 10, "object_id": "9", "object_repr": "Suffering from asthma", "action_flag": 3, "change_message": ""}}, {"model": "admin.logentry", "pk": 74, "fields": {"action_time": "2020-06-10T05:20:00.066Z", "user": 1, "content_type": 10, "object_id": "8", "object_repr": "Suffering from asthma", "action_flag": 3, "change_message": ""}}, {"model": "admin.logentry", "pk": 75, "fields": {"action_time": "2020-06-10T05:20:00.067Z", "user": 1, "content_type": 10, "object_id": "7", "object_repr": "Suffering from asthma", "action_flag": 3, "change_message": ""}}, {"model": "admin.logentry", "pk": 76, "fields": {"action_time": "2020-06-10T05:20:00.067Z", "user": 1, "content_type": 10, "object_id": "6", "object_repr": "Suffering from asthma", "action_flag": 3, "change_message": ""}}, {"model": "admin.logentry", "pk": 77, "fields": {"action_time": "2020-06-10T05:20:00.068Z", "user": 1, "content_type": 10, "object_id": "4", "object_repr": "Suffering from asthma", "action_flag": 3, "change_message": ""}}, {"model": "admin.logentry", "pk": 78, "fields": {"action_time": "2020-06-10T05:30:32.485Z", "user": 1, "content_type": 8, "object_id": "8", "object_repr": "Covid 19 status", "action_flag": 2, "change_message": "[{\"changed\": {\"fields\": [\"author\"]}}]"}}, {"model": "admin.logentry", "pk": 79, "fields": {"action_time": "2020-06-16T05:55:45.553Z", "user": 1, "content_type": 9, "object_id": "25", "object_repr": "jahid", "action_flag": 2, "change_message": "[{\"changed\": {\"fields\": [\"is_doctor\"]}}]"}}, {"model": "admin.logentry", "pk": 80, "fields": {"action_time": "2020-06-17T05:23:35.431Z", "user": 1, "content_type": 9, "object_id": "15", "object_repr": "lubaba", "action_flag": 2, "change_message": "[{\"changed\": {\"fields\": [\"is_doctor\"]}}]"}}, {"model": "admin.logentry", "pk": 81, "fields": {"action_time": "2020-06-17T05:24:21.789Z", "user": 1, "content_type": 9, "object_id": "62", "object_repr": "Joe", "action_flag": 3, "change_message": ""}}, {"model": "admin.logentry", "pk": 82, "fields": {"action_time": "2020-06-17T05:24:21.789Z", "user": 1, "content_type": 9, "object_id": "61", "object_repr": "scott", "action_flag": 3, "change_message": ""}}, {"model": "admin.logentry", "pk": 83, "fields": {"action_time": "2020-06-17T05:24:21.789Z", "user": 1, "content_type": 9, "object_id": "60", "object_repr": "vola", "action_flag": 3, "change_message": ""}}, {"model": "admin.logentry", "pk": 84, "fields": {"action_time": "2020-06-17T05:24:21.789Z", "user": 1, "content_type": 9, "object_id": "59", "object_repr": "moly", "action_flag": 3, "change_message": ""}}, {"model": "admin.logentry", "pk": 85, "fields": {"action_time": "2020-06-17T05:24:21.789Z", "user": 1, "content_type": 9, "object_id": "58", "object_repr": "kola", "action_flag": 3, "change_message": ""}}, {"model": "admin.logentry", "pk": 86, "fields": {"action_time": "2020-06-17T05:24:21.789Z", "user": 1, "content_type": 9, "object_id": "57", "object_repr": "ron", "action_flag": 3, "change_message": ""}}, {"model": "admin.logentry", "pk": 87, "fields": {"action_time": "2020-06-17T05:24:21.789Z", "user": 1, "content_type": 9, "object_id": "55", "object_repr": "dan", "action_flag": 3, "change_message": ""}}, {"model": "admin.logentry", "pk": 88, "fields": {"action_time": "2020-06-17T05:24:21.789Z", "user": 1, "content_type": 9, "object_id": "54", "object_repr": "last", "action_flag": 3, "change_message": ""}}, {"model": "admin.logentry", "pk": 89, "fields": {"action_time": "2020-06-17T05:24:21.789Z", "user": 1, "content_type": 9, "object_id": "52", "object_repr": "kodu", "action_flag": 3, "change_message": ""}}, {"model": "admin.logentry", "pk": 90, "fields": {"action_time": "2020-06-17T05:24:21.789Z", "user": 1, "content_type": 9, "object_id": "51", "object_repr": "abul", "action_flag": 3, "change_message": ""}}, {"model": "admin.logentry", "pk": 91, "fields": {"action_time": "2020-06-17T05:24:21.789Z", "user": 1, "content_type": 9, "object_id": "50", "object_repr": "lebu", "action_flag": 3, "change_message": ""}}, {"model": "admin.logentry", "pk": 92, "fields": {"action_time": "2020-06-17T05:24:21.789Z", "user": 1, "content_type": 9, "object_id": "48", "object_repr": "shona", "action_flag": 3, "change_message": ""}}, {"model": "admin.logentry", "pk": 93, "fields": {"action_time": "2020-06-17T05:24:21.789Z", "user": 1, "content_type": 9, "object_id": "46", "object_repr": "avav", "action_flag": 3, "change_message": ""}}, {"model": "admin.logentry", "pk": 94, "fields": {"action_time": "2020-06-17T05:24:21.789Z", "user": 1, "content_type": 9, "object_id": "44", "object_repr": "asad", "action_flag": 3, "change_message": ""}}, {"model": "admin.logentry", "pk": 95, "fields": {"action_time": "2020-06-17T05:24:21.789Z", "user": 1, "content_type": 9, "object_id": "43", "object_repr": "saua", "action_flag": 3, "change_message": ""}}, {"model": "admin.logentry", "pk": 96, "fields": {"action_time": "2020-06-17T05:24:21.789Z", "user": 1, "content_type": 9, "object_id": "42", "object_repr": "asha", "action_flag": 3, "change_message": ""}}, {"model": "admin.logentry", "pk": 97, "fields": {"action_time": "2020-06-17T05:24:21.789Z", "user": 1, "content_type": 9, "object_id": "41", "object_repr": "sssss", "action_flag": 3, "change_message": ""}}, {"model": "admin.logentry", "pk": 98, "fields": {"action_time": "2020-06-17T05:24:21.805Z", "user": 1, "content_type": 9, "object_id": "39", "object_repr": "dhur", "action_flag": 3, "change_message": ""}}, {"model": "admin.logentry", "pk": 99, "fields": {"action_time": "2020-06-17T05:24:21.805Z", "user": 1, "content_type": 9, "object_id": "37", "object_repr": "soleman", "action_flag": 3, "change_message": ""}}, {"model": "admin.logentry", "pk": 100, "fields": {"action_time": "2020-06-17T05:24:21.805Z", "user": 1, "content_type": 9, "object_id": "35", "object_repr": "sriti", "action_flag": 3, "change_message": ""}}, {"model": "admin.logentry", "pk": 101, "fields": {"action_time": "2020-06-17T05:24:21.805Z", "user": 1, "content_type": 9, "object_id": "33", "object_repr": "mamu", "action_flag": 3, "change_message": ""}}, {"model": "admin.logentry", "pk": 102, "fields": {"action_time": "2020-06-17T05:24:21.805Z", "user": 1, "content_type": 9, "object_id": "31", "object_repr": "omi", "action_flag": 3, "change_message": ""}}, {"model": "admin.logentry", "pk": 103, "fields": {"action_time": "2020-06-17T05:24:21.805Z", "user": 1, "content_type": 9, "object_id": "29", "object_repr": "kukku", "action_flag": 3, "change_message": ""}}, {"model": "admin.logentry", "pk": 104, "fields": {"action_time": "2020-06-17T05:24:21.805Z", "user": 1, "content_type": 9, "object_id": "28", "object_repr": "sol", "action_flag": 3, "change_message": ""}}, {"model": "admin.logentry", "pk": 105, "fields": {"action_time": "2020-06-17T05:24:21.805Z", "user": 1, "content_type": 9, "object_id": "27", "object_repr": "ss", "action_flag": 3, "change_message": ""}}, {"model": "admin.logentry", "pk": 106, "fields": {"action_time": "2020-06-17T05:24:21.805Z", "user": 1, "content_type": 9, "object_id": "26", "object_repr": "ka", "action_flag": 3, "change_message": ""}}, {"model": "admin.logentry", "pk": 107, "fields": {"action_time": "2020-06-17T05:24:21.805Z", "user": 1, "content_type": 9, "object_id": "25", "object_repr": "jahid", "action_flag": 3, "change_message": ""}}, {"model": "admin.logentry", "pk": 108, "fields": {"action_time": "2020-06-17T05:24:21.805Z", "user": 1, "content_type": 9, "object_id": "24", "object_repr": "papan", "action_flag": 3, "change_message": ""}}, {"model": "admin.logentry", "pk": 109, "fields": {"action_time": "2020-06-17T05:24:21.805Z", "user": 1, "content_type": 9, "object_id": "21", "object_repr": "kallu", "action_flag": 3, "change_message": ""}}, {"model": "admin.logentry", "pk": 110, "fields": {"action_time": "2020-06-17T05:24:21.805Z", "user": 1, "content_type": 9, "object_id": "19", "object_repr": "nova", "action_flag": 3, "change_message": ""}}, {"model": "admin.logentry", "pk": 111, "fields": {"action_time": "2020-06-17T16:28:52.186Z", "user": 1, "content_type": 4, "object_id": "58", "object_repr": "parul", "action_flag": 1, "change_message": "[{\"added\": {}}]"}}, {"model": "admin.logentry", "pk": 112, "fields": {"action_time": "2020-06-20T10:23:27.296Z", "user": 1, "content_type": 4, "object_id": "48", "object_repr": "abul", "action_flag": 3, "change_message": ""}}, {"model": "admin.logentry", "pk": 113, "fields": {"action_time": "2020-06-20T10:23:27.296Z", "user": 1, "content_type": 4, "object_id": "44", "object_repr": "asad", "action_flag": 3, "change_message": ""}}, {"model": "admin.logentry", "pk": 114, "fields": {"action_time": "2020-06-20T10:23:27.296Z", "user": 1, "content_type": 4, "object_id": "42", "object_repr": "asha", "action_flag": 3, "change_message": ""}}, {"model": "admin.logentry", "pk": 115, "fields": {"action_time": "2020-06-20T10:23:27.296Z", "user": 1, "content_type": 4, "object_id": "45", "object_repr": "avav", "action_flag": 3, "change_message": ""}}, {"model": "admin.logentry", "pk": 116, "fields": {"action_time": "2020-06-20T10:23:27.296Z", "user": 1, "content_type": 4, "object_id": "51", "object_repr": "dan", "action_flag": 3, "change_message": ""}}, {"model": "admin.logentry", "pk": 117, "fields": {"action_time": "2020-06-20T10:23:27.296Z", "user": 1, "content_type": 4, "object_id": "40", "object_repr": "dhur", "action_flag": 3, "change_message": ""}}, {"model": "admin.logentry", "pk": 118, "fields": {"action_time": "2020-06-20T10:23:27.296Z", "user": 1, "content_type": 4, "object_id": "29", "object_repr": "dola", "action_flag": 3, "change_message": ""}}, {"model": "admin.logentry", "pk": 119, "fields": {"action_time": "2020-06-20T10:23:27.296Z", "user": 1, "content_type": 4, "object_id": "31", "object_repr": "jahid", "action_flag": 3, "change_message": ""}}, {"model": "admin.logentry", "pk": 120, "fields": {"action_time": "2020-06-20T10:23:27.296Z", "user": 1, "content_type": 4, "object_id": "57", "object_repr": "Joe", "action_flag": 3, "change_message": ""}}, {"model": "admin.logentry", "pk": 121, "fields": {"action_time": "2020-06-20T10:23:27.296Z", "user": 1, "content_type": 4, "object_id": "61", "object_repr": "jonas", "action_flag": 3, "change_message": ""}}, {"model": "admin.logentry", "pk": 122, "fields": {"action_time": "2020-06-20T10:23:27.296Z", "user": 1, "content_type": 4, "object_id": "32", "object_repr": "ka", "action_flag": 3, "change_message": ""}}, {"model": "admin.logentry", "pk": 123, "fields": {"action_time": "2020-06-20T10:23:27.296Z", "user": 1, "content_type": 4, "object_id": "28", "object_repr": "kallu", "action_flag": 3, "change_message": ""}}, {"model": "admin.logentry", "pk": 124, "fields": {"action_time": "2020-06-20T10:23:27.296Z", "user": 1, "content_type": 4, "object_id": "49", "object_repr": "kodu", "action_flag": 3, "change_message": ""}}, {"model": "admin.logentry", "pk": 125, "fields": {"action_time": "2020-06-20T10:23:27.296Z", "user": 1, "content_type": 4, "object_id": "53", "object_repr": "kola", "action_flag": 3, "change_message": ""}}, {"model": "admin.logentry", "pk": 126, "fields": {"action_time": "2020-06-20T10:23:27.296Z", "user": 1, "content_type": 4, "object_id": "35", "object_repr": "kukku", "action_flag": 3, "change_message": ""}}, {"model": "admin.logentry", "pk": 127, "fields": {"action_time": "2020-06-20T10:23:27.296Z", "user": 1, "content_type": 4, "object_id": "50", "object_repr": "last", "action_flag": 3, "change_message": ""}}, {"model": "admin.logentry", "pk": 128, "fields": {"action_time": "2020-06-20T10:23:27.296Z", "user": 1, "content_type": 4, "object_id": "47", "object_repr": "lebu", "action_flag": 3, "change_message": ""}}, {"model": "admin.logentry", "pk": 129, "fields": {"action_time": "2020-06-20T10:23:27.296Z", "user": 1, "content_type": 4, "object_id": "37", "object_repr": "mamu", "action_flag": 3, "change_message": ""}}, {"model": "admin.logentry", "pk": 130, "fields": {"action_time": "2020-06-20T10:23:27.296Z", "user": 1, "content_type": 4, "object_id": "54", "object_repr": "moly", "action_flag": 3, "change_message": ""}}, {"model": "admin.logentry", "pk": 131, "fields": {"action_time": "2020-06-20T10:23:27.312Z", "user": 1, "content_type": 4, "object_id": "27", "object_repr": "nova", "action_flag": 3, "change_message": ""}}, {"model": "admin.logentry", "pk": 132, "fields": {"action_time": "2020-06-20T10:23:27.312Z", "user": 1, "content_type": 4, "object_id": "36", "object_repr": "omi", "action_flag": 3, "change_message": ""}}, {"model": "admin.logentry", "pk": 133, "fields": {"action_time": "2020-06-20T10:23:27.312Z", "user": 1, "content_type": 4, "object_id": "30", "object_repr": "papan", "action_flag": 3, "change_message": ""}}, {"model": "admin.logentry", "pk": 134, "fields": {"action_time": "2020-06-20T10:23:27.312Z", "user": 1, "content_type": 4, "object_id": "58", "object_repr": "parul", "action_flag": 3, "change_message": ""}}, {"model": "admin.logentry", "pk": 135, "fields": {"action_time": "2020-06-20T10:23:27.312Z", "user": 1, "content_type": 4, "object_id": "52", "object_repr": "ron", "action_flag": 3, "change_message": ""}}, {"model": "admin.logentry", "pk": 136, "fields": {"action_time": "2020-06-20T10:23:27.312Z", "user": 1, "content_type": 4, "object_id": "43", "object_repr": "saua", "action_flag": 3, "change_message": ""}}, {"model": "admin.logentry", "pk": 137, "fields": {"action_time": "2020-06-20T10:23:27.312Z", "user": 1, "content_type": 4, "object_id": "56", "object_repr": "scott", "action_flag": 3, "change_message": ""}}, {"model": "admin.logentry", "pk": 138, "fields": {"action_time": "2020-06-20T10:23:27.312Z", "user": 1, "content_type": 4, "object_id": "46", "object_repr": "shona", "action_flag": 3, "change_message": ""}}, {"model": "admin.logentry", "pk": 139, "fields": {"action_time": "2020-06-20T10:23:27.312Z", "user": 1, "content_type": 4, "object_id": "34", "object_repr": "sol", "action_flag": 3, "change_message": ""}}, {"model": "admin.logentry", "pk": 140, "fields": {"action_time": "2020-06-20T10:23:27.312Z", "user": 1, "content_type": 4, "object_id": "39", "object_repr": "soleman", "action_flag": 3, "change_message": ""}}, {"model": "admin.logentry", "pk": 141, "fields": {"action_time": "2020-06-20T10:23:27.312Z", "user": 1, "content_type": 4, "object_id": "38", "object_repr": "sriti", "action_flag": 3, "change_message": ""}}, {"model": "admin.logentry", "pk": 142, "fields": {"action_time": "2020-06-20T10:23:27.318Z", "user": 1, "content_type": 4, "object_id": "33", "object_repr": "ss", "action_flag": 3, "change_message": ""}}, {"model": "admin.logentry", "pk": 143, "fields": {"action_time": "2020-06-20T10:23:27.318Z", "user": 1, "content_type": 4, "object_id": "41", "object_repr": "sssss", "action_flag": 3, "change_message": ""}}, {"model": "admin.logentry", "pk": 144, "fields": {"action_time": "2020-06-20T10:23:27.318Z", "user": 1, "content_type": 4, "object_id": "55", "object_repr": "vola", "action_flag": 3, "change_message": ""}}, {"model": "admin.logentry", "pk": 145, "fields": {"action_time": "2020-06-21T13:54:15.288Z", "user": 1, "content_type": 12, "object_id": "1", "object_repr": "First Post", "action_flag": 1, "change_message": "[{\"added\": {}}]"}}, {"model": "admin.logentry", "pk": 146, "fields": {"action_time": "2020-06-21T14:41:40.603Z", "user": 1, "content_type": 12, "object_id": "1", "object_repr": "This Is How You Should Grocery Shop During the Coronavirus Pandemic", "action_flag": 2, "change_message": "[{\"changed\": {\"fields\": [\"title\", \"slug\", \"content\"]}}]"}}, {"model": "admin.logentry", "pk": 147, "fields": {"action_time": "2020-06-21T15:11:55.584Z", "user": 1, "content_type": 12, "object_id": "1", "object_repr": "This Is How You Should Grocery Shop During the Coronavirus Pandemic", "action_flag": 2, "change_message": "[{\"changed\": {\"fields\": [\"content\"]}}]"}}, {"model": "admin.logentry", "pk": 148, "fields": {"action_time": "2020-06-21T15:21:28.286Z", "user": 1, "content_type": 12, "object_id": "1", "object_repr": "This Is How You Should Grocery Shop During the Coronavirus Pandemic", "action_flag": 2, "change_message": "[{\"changed\": {\"fields\": [\"thumbnail\"]}}]"}}, {"model": "admin.logentry", "pk": 149, "fields": {"action_time": "2020-06-21T15:31:00.382Z", "user": 1, "content_type": 12, "object_id": "2", "object_repr": "A Non-Hodgkins Lymphoma Survivor Shares Her Cancer and IVF Journey", "action_flag": 1, "change_message": "[{\"added\": {}}]"}}, {"model": "admin.logentry", "pk": 150, "fields": {"action_time": "2020-06-21T15:36:32.226Z", "user": 1, "content_type": 12, "object_id": "3", "object_repr": "These Insomnia Breathing Techniques May Help You Catch More Zzz\u2019s", "action_flag": 1, "change_message": "[{\"added\": {}}]"}}, {"model": "admin.logentry", "pk": 151, "fields": {"action_time": "2020-06-21T15:42:15.880Z", "user": 1, "content_type": 12, "object_id": "4", "object_repr": "How to Talk to Your Children About the Constant Uncertainty of the Coronavirus", "action_flag": 1, "change_message": "[{\"added\": {}}]"}}]